{
  "project_info": {
    "project_number": "515129456766",
    "project_id": "smsotpverification",
    "storage_bucket": "smsotpverification.appspot.com"
  },
  "client": [
    {
      "client_info": {
        "mobilesdk_app_id": "1:515129456766:android:aeba04b52d5009d232002f",
        "android_client_info": {
          "package_name": "com.example.smslist"
        }
      },
      "oauth_client": [
        {
          "client_id": "515129456766-7unq7atobuh57dhpqorh075ao6qigegl.apps.googleusercontent.com",
          "client_type": 3
        }
      ],
      "api_key": [
        {
          "current_key": "AIzaSyDcg71hC_ST8x4g0tEMaXlhTyABvFeVN7o"
        }
      ],
      "services": {
        "appinvite_service": {
          "other_platform_oauth_client": [
            {
              "client_id": "515129456766-7unq7atobuh57dhpqorh075ao6qigegl.apps.googleusercontent.com",
              "client_type": 3
            }
          ]
        }
      }
    }
  ],
  "configuration_version": "1"
}